user,failed_attempts,flagged,timestamp_flagged
miachang0316,5,True,2026-06-18 20:53:06.459936
miachang0316,6,True,2026-06-18 20:53:07.431115
miachang0316,7,True,2026-06-18 20:53:08.912310
miachang0316,8,True,2026-06-18 20:53:09.433626
miachang0316,9,True,2026-06-18 21:05:00.683959
miachang0316,10,True,2026-06-18 21:05:01.663452
miachang0316,11,True,2026-06-18 21:05:02.719010
miachang0316,12,True,2026-06-18 21:05:03.633683
miachang0316,13,True,2026-06-18 21:05:04.617259
miachang0316,14,True,2026-06-18 21:05:05.620767
miachang0316,15,True,2026-06-18 21:05:06.828084
miachang0316,16,True,2026-06-18 21:05:07.540084
miachang0316,17,True,2026-06-18 21:05:22.495909
